{
  "$schema": "https://schema.management.azure.com/schemas/2019-04-01/deploymentTemplate.json#",
  "contentVersion": "1.0.0.0",
  "metadata": {
    "_generator": {
      "name": "bicep",
      "version": "0.39.26.7824",
      "templateHash": "6030521716931540074"
    }
  },
  "parameters": {
    "vnetName": {
      "type": "string",
      "defaultValue": "vnet-alm-chatbot-prod",
      "metadata": {
        "description": "Existing VNet name"
      }
    }
  },
  "variables": {
    "kvDnsZoneName": "privatelink.vaultcore.azure.net",
    "blobDnsZoneName": "privatelink.blob.core.windows.net"
  },
  "resources": [
    {
      "type": "Microsoft.Network/privateDnsZones",
      "apiVersion": "2020-06-01",
      "name": "[variables('kvDnsZoneName')]",
      "location": "global"
    },
    {
      "type": "Microsoft.Network/privateDnsZones",
      "apiVersion": "2020-06-01",
      "name": "[variables('blobDnsZoneName')]",
      "location": "global"
    },
    {
      "type": "Microsoft.Network/privateDnsZones/virtualNetworkLinks",
      "apiVersion": "2020-06-01",
      "name": "[format('{0}/{1}', variables('kvDnsZoneName'), format('{0}-link', parameters('vnetName')))]",
      "location": "global",
      "properties": {
        "virtualNetwork": {
          "id": "[resourceId('Microsoft.Network/virtualNetworks', parameters('vnetName'))]"
        },
        "registrationEnabled": false
      },
      "dependsOn": [
        "[resourceId('Microsoft.Network/privateDnsZones', variables('kvDnsZoneName'))]"
      ]
    },
    {
      "type": "Microsoft.Network/privateDnsZones/virtualNetworkLinks",
      "apiVersion": "2020-06-01",
      "name": "[format('{0}/{1}', variables('blobDnsZoneName'), format('{0}-link', parameters('vnetName')))]",
      "location": "global",
      "properties": {
        "virtualNetwork": {
          "id": "[resourceId('Microsoft.Network/virtualNetworks', parameters('vnetName'))]"
        },
        "registrationEnabled": false
      },
      "dependsOn": [
        "[resourceId('Microsoft.Network/privateDnsZones', variables('blobDnsZoneName'))]"
      ]
    }
  ],
  "outputs": {
    "kvPrivateDnsZoneId": {
      "type": "string",
      "value": "[resourceId('Microsoft.Network/privateDnsZones', variables('kvDnsZoneName'))]"
    },
    "blobPrivateDnsZoneId": {
      "type": "string",
      "value": "[resourceId('Microsoft.Network/privateDnsZones', variables('blobDnsZoneName'))]"
    }
  }
}